file_name,signal_name,category,row_count,null_count,zero_pct,val_min,val_max,val_mean,val_std,p05,p25,p50,p75,p95,outlier_count,start_time,end_time,duration_days,expected_rows,gap_ratio,notes,median_interval_sec,interval_label,gap_meaningful,gap_class
dintVolGasVerbrauchBhkwImp1.csv,dintVolGasVerbrauchBhkwImp1,chp_gas,20605,0,0.0,544370534.0,544372381.0,544370624.52924,380.56956,544370534.0,544370534.0,544370534.0,544370534.0,544371387.6814,0,2022-12-07 17:56:28+02:00,2022-12-13 18:19:39+02:00,6.02,25989,0.2077,ok,20.0,~20s,True,high_gap
dintVolGasVerbrauchBhkwImp2.csv,dintVolGasVerbrauchBhkwImp2,chp_gas,20592,0,0.0,977635032.0,977665420.0,977648912.0473,7320.323926,977635928.4447,977642841.3988,977650082.8372,977654685.2664,977659064.8183,0,2022-12-07 17:56:39+02:00,2022-12-13 18:19:39+02:00,6.02,25989,0.2082,ok,20.0,~20s,True,high_gap
greal_Administrator_HT.csv,greal_Administrator_HT,control_param,42,0,11.9,0.0,24.0,15.571429,6.500067,0.0,15.0,15.0,21.0,21.0,0,2022-12-15 16:29:56+02:00,2026-02-10 11:32:12+02:00,1152.79,4980066,0.998,ok,4740.0,~79min,False,event_driven
greal_AZ_WP_Energie.csv,greal_AZ_WP_Energie,hp_energy,302314,0,92.83,0.0,5925.5728,3.61424,94.831868,0.0,0.0,0.0,0.0,2.2581,434,2022-12-14 16:40:41+02:00,2026-05-27 10:03:05+03:00,1259.68,5441827,0.1667,ok,300.0,~5min,True,moderate_gap
greal_BatterieLadeZustand.csv,greal_BatterieLadeZustand,battery_soc,4565654,0,0.83,0.0,100.0,67.723794,21.382067,34.5791,50.9101,69.1334,84.4954,100.0,37946,2022-12-07 10:37:18+02:00,2026-05-27 10:03:18+03:00,1266.93,5473158,0.1658,ok,20.0,~20s,True,moderate_gap
greal_E__WMZ_BHKW.csv,greal_E__WMZ_BHKW,thermal_energy,4501221,0,6.61,0.0,399.31,307.886752,101.685604,0.0,286.5915,351.3992,371.7006,398.95,297699,2022-12-22 18:22:49+02:00,2026-05-27 10:03:18+03:00,1251.61,5406961,0.1675,ok,20.0,~20s,True,moderate_gap
greal_E__WMZ_WWout.csv,greal_E__WMZ_WWout,thermal_energy,4501221,0,0.0,0.0,481.25,424.888396,39.942147,363.861,384.273,436.7777,458.9296,480.6109,698,2022-12-22 18:22:49+02:00,2026-05-27 10:03:18+03:00,1251.61,5406961,0.1675,ok,20.0,~20s,True,moderate_gap
greal_E_BatterieAbgabe.csv,greal_E_BatterieAbgabe,battery_energy,4501562,0,0.87,0.0,24624.3691,5736.393766,6504.294574,70.1116,949.7958,3134.656,7810.3156,20567.9968,0,2022-12-22 16:24:12+02:00,2026-05-27 10:03:18+03:00,1251.69,5407317,0.1675,ok,20.0,~20s,True,moderate_gap
greal_E_BatterieLaden.csv,greal_E_BatterieLaden,battery_energy,4501562,0,0.07,0.0,30067.6699,7061.056029,7941.681788,96.5942,1185.6854,3924.2292,9813.6234,25451.5816,0,2022-12-22 16:24:12+02:00,2026-05-27 10:03:18+03:00,1251.69,5407317,0.1675,ok,20.0,~20s,True,moderate_gap
greal_E_bhkw1.csv,greal_E_bhkw1,chp_energy,4501169,0,3.88,-0.066,2.1998719273758437e+38,5.377376373332498e+32,3.4389886106219346e+35,15.233,988.6629,2517.328,10021.7076,11882.9552,11,2022-12-22 16:24:12+02:00,2026-05-27 10:03:18+03:00,1251.69,5407317,0.1676,ok,20.0,~20s,True,moderate_gap
greal_E_bhkw2.csv,greal_E_bhkw2,chp_energy,4501562,0,53.25,-0.058,7485.6021,1236.797427,2330.488977,0.0,0.0,0.0,821.9449,7359.5933,0,2022-12-22 16:24:12+02:00,2026-05-27 10:03:18+03:00,1251.69,5407317,0.1675,ok,20.0,~20s,True,moderate_gap
greal_E_ErzeugungEnFa.csv,greal_E_ErzeugungEnFa,pv_generation,4501562,0,0.04,0.0,71802.4375,16587.389285,18560.125113,190.526,2628.3973,9236.3589,23704.0557,59579.4072,0,2022-12-22 16:24:12+02:00,2026-05-27 10:03:18+03:00,1251.69,5407317,0.1675,ok,20.0,~20s,True,moderate_gap
greal_E_Gebaeude.csv,greal_E_Gebaeude,building_energy,4501286,0,4.68,0.0,30928.0498,12095.417068,7838.182408,33.5241,5102.5644,13162.3066,18505.7852,24986.2879,0,2022-12-22 18:03:08+02:00,2026-05-27 10:03:18+03:00,1251.63,5407020,0.1675,ok,20.0,~20s,True,moderate_gap
greal_E_GebaeudeNord.csv,greal_E_GebaeudeNord,building_energy,4501562,0,39.22,0.0,14577.4883,2800.319518,3803.240285,0.0,0.0,636.2246,4772.2798,11872.1137,33848,2022-12-22 16:24:12+02:00,2026-05-27 10:03:18+03:00,1251.69,5407317,0.1675,ok,20.0,~20s,True,moderate_gap
greal_E_GebaeudeSued.csv,greal_E_GebaeudeSued,building_energy,4501562,0,4.68,0.0,18505.7852,9294.369828,6776.362079,24.8234,2875.1278,8587.6441,16192.0348,18505.7852,0,2022-12-22 16:24:12+02:00,2026-05-27 10:03:18+03:00,1251.69,5407317,0.1675,ok,20.0,~20s,True,moderate_gap
greal_E_GebaeudeSystem.csv,greal_E_GebaeudeSystem,building_energy,4501562,0,100.0,0.0,0.0,0.0,0.0,0.0,0.0,0.0,0.0,0.0,0,2022-12-22 16:24:12+02:00,2026-05-27 10:03:18+03:00,1251.69,5407317,0.1675,ok,20.0,~20s,True,moderate_gap
greal_E_Gesamtverbrauch.csv,greal_E_Gesamtverbrauch,building_energy,4501562,0,0.0,0.0,65257.6953,15013.081457,16817.969176,246.0944,2352.0202,8471.5946,21694.049,54023.6265,0,2022-12-22 16:24:12+02:00,2026-05-27 10:03:18+03:00,1251.69,5407317,0.1675,ok,20.0,~20s,True,moderate_gap
greal_E_PV1.csv,greal_E_PV1,pv_energy,4501562,0,0.93,0.0,4954.127,4243.642495,599.23944,3494.6936,3955.7626,4342.0561,4705.4484,4866.3903,41974,2022-12-22 16:24:12+02:00,2026-05-27 10:03:18+03:00,1251.69,5407317,0.1675,ok,20.0,~20s,True,moderate_gap
greal_E_PV2.csv,greal_E_PV2,pv_energy,4501562,0,0.93,0.0,5599.728,4727.595161,691.792173,3852.1539,4378.154,4818.3713,5283.7704,5478.9035,42000,2022-12-22 16:24:12+02:00,2026-05-27 10:03:18+03:00,1251.69,5407317,0.1675,ok,20.0,~20s,True,moderate_gap
greal_E_PV3.csv,greal_E_PV3,pv_energy,4501562,0,0.94,0.0,4518.478,3765.725407,565.811122,3048.4955,3484.0783,3824.2605,4187.357,4447.2473,42136,2022-12-22 16:24:12+02:00,2026-05-27 10:03:18+03:00,1251.69,5407317,0.1675,ok,20.0,~20s,True,moderate_gap
greal_E_PV4.csv,greal_E_PV4,pv_energy,4501562,0,0.93,0.0,8104.8179,6854.920398,995.509615,5603.5417,6358.4008,6988.322,7648.7243,7943.0175,41811,2022-12-22 16:24:12+02:00,2026-05-27 10:03:18+03:00,1251.69,5407317,0.1675,ok,20.0,~20s,True,moderate_gap
greal_E_PV5.csv,greal_E_PV5,pv_energy,4501562,0,0.98,0.0,11393.7676,9649.721896,1405.923536,7911.7603,8976.698,9835.5637,10750.4545,11156.4506,44094,2022-12-22 16:24:12+02:00,2026-05-27 10:03:18+03:00,1251.69,5407317,0.1675,ok,20.0,~20s,True,moderate_gap
greal_E_PV6.csv,greal_E_PV6,pv_energy,4501562,0,1.04,0.0,12218.9072,10277.179128,1551.923948,8356.309,9516.2062,10500.5776,11426.9401,12006.3206,46619,2022-12-22 16:24:12+02:00,2026-05-27 10:03:18+03:00,1251.69,5407317,0.1675,ok,20.0,~20s,True,moderate_gap
greal_E_PV7.csv,greal_E_PV7,pv_energy,4501562,0,0.94,0.0,11134.2588,7628.692194,4082.656741,68.9054,8236.6222,9483.9029,10293.3674,11097.8971,0,2022-12-22 16:24:12+02:00,2026-05-27 10:03:18+03:00,1251.69,5407317,0.1675,ok,20.0,~20s,True,moderate_gap
greal_E_PV_Gesamt.csv,greal_E_PV_Gesamt,pv_energy,4501477,0,0.9,0.0,55554.5098,47147.60816,6195.246469,40505.8693,44836.2266,46915.4768,50746.6701,54862.0143,43681,2022-12-22 16:52:28+02:00,2026-05-27 10:03:18+03:00,1251.67,5407232,0.1675,ok,20.0,~20s,True,moderate_gap
greal_E_Tankstelle1.csv,greal_E_Tankstelle1,ev_energy,4501561,0,5.92,-151995184840704.0,3252.1079,-33764237.496567,71638792999.46613,0.0,279.3728,640.1493,1071.191,2471.649,1,2022-12-22 16:24:12+02:00,2026-05-27 10:03:18+03:00,1251.69,5407317,0.1675,ok,20.0,~20s,True,moderate_gap
greal_E_Tankstelle2.csv,greal_E_Tankstelle2,ev_energy,4501562,0,7.45,-2.2663239972566718e+38,3.3629456123912606e+38,2.2398618096692463e+33,2.075585562468064e+36,0.0,326.7984,1126.3756,2074.1325,3266.957,396,2022-12-22 16:24:12+02:00,2026-05-27 10:03:18+03:00,1251.69,5407317,0.1675,ok,20.0,~20s,True,moderate_gap
greal_E_Tankstelle3.csv,greal_E_Tankstelle3,ev_energy,4501024,0,6.89,-4.59524950500311e+16,2.040920870702557e+33,4.534347896617652e+26,9.61989878181326e+29,0.0,404.8609,1547.9451,4563.4933,8773.127,1,2022-12-22 16:24:12+02:00,2026-05-27 10:03:18+03:00,1251.69,5407317,0.1676,ok,20.0,~20s,True,moderate_gap
greal_E_WP.csv,greal_E_WP,hp_energy,4501562,0,0.41,-2.2663239972566718e+38,3.3629456123912606e+38,1.2163983205233632e+33,2.016863213358087e+36,45.5066,995.9167,3071.9147,10341.7127,19363.9745,388,2022-12-22 16:24:12+02:00,2026-05-27 10:03:18+03:00,1251.69,5407317,0.1675,ok,20.0,~20s,True,moderate_gap
greal_EK_WMZ_WWout.csv,greal_EK_WMZ_WWout,thermal_energy,4501152,0,0.0,0.0,183.89,154.302523,17.55678,128.35,143.9577,157.2113,169.8773,178.9225,72,2022-12-22 18:48:12+02:00,2026-05-27 10:03:18+03:00,1251.59,5406885,0.1675,ok,20.0,~20s,True,moderate_gap
greal_Gas_bhkw1.csv,greal_Gas_bhkw1,chp_gas,4501536,0,97.29,0.0,17.0,0.212655,1.565405,0.0,0.0,0.0,0.0,0.0,72991,2022-12-22 16:32:29+02:00,2026-05-27 10:03:18+03:00,1251.69,5407292,0.1675,ok,20.0,~20s,True,moderate_gap
greal_Gas_bhkw2.csv,greal_Gas_bhkw2,chp_gas,4501537,0,6.56,0.0,358.2399,88.300284,126.608626,0.0,4.4822,21.4754,140.1349,356.6602,0,2022-12-22 16:32:29+02:00,2026-05-27 10:03:18+03:00,1251.69,5407292,0.1675,ok,20.0,~20s,True,moderate_gap
greal_Gas_bhkwges.csv,greal_Gas_bhkwges,chp_gas,4501524,0,6.56,0.0,358.2399,88.514383,126.533486,0.0,4.441,21.5232,138.2496,356.5352,0,2022-12-22 16:37:01+02:00,2026-05-27 10:03:18+03:00,1251.68,5407278,0.1675,ok,20.0,~20s,True,moderate_gap
greal_JalousienMaxWind.csv,greal_JalousienMaxWind,control_param,37,0,100.0,0.0,0.0,0.0,0.0,0.0,0.0,0.0,0.0,0.0,0,2022-12-21 12:53:29+02:00,2026-02-10 11:32:11+02:00,1146.94,4954796,0.9986,ok,3778.0,~63min,False,event_driven
greal_K_WMZ_E_Altbau.csv,greal_K_WMZ_E_Altbau,thermal_energy,4513933,0,0.0,0.0,55.86,49.420707,0.80851,48.04,49.11,49.59,50.1969,50.3,75,2022-12-19 17:28:02+02:00,2026-05-27 10:03:18+03:00,1254.65,5420085,0.1672,ok,20.0,~20s,True,moderate_gap
greal_K_WMZ_E_Bespr.csv,greal_K_WMZ_E_Bespr,thermal_energy,4513927,0,0.0,0.0,0.596,0.507355,0.115335,0.269,0.543,0.55,0.5812,0.596,95,2022-12-19 17:51:13+02:00,2026-05-27 10:03:18+03:00,1254.63,5420016,0.1672,ok,20.0,~20s,True,moderate_gap
greal_K_WMZ_E_GF.csv,greal_K_WMZ_E_GF,thermal_energy,4513927,0,0.0,0.0,0.038,0.030848,0.006021,0.02,0.028,0.033,0.0361,0.038,88,2022-12-19 17:51:13+02:00,2026-05-27 10:03:18+03:00,1254.63,5420016,0.1672,ok,20.0,~20s,True,moderate_gap
greal_K_WMZ_E_Halle.csv,greal_K_WMZ_E_Halle,thermal_energy,4513933,0,24.21,0.0,48.04,6.522086,3.792621,0.0,6.9515,7.94,8.8388,10.3749,6,2022-12-19 17:28:02+02:00,2026-05-27 10:03:18+03:00,1254.65,5420085,0.1672,ok,20.0,~20s,True,moderate_gap
greal_K_WMZ_E_Nord.csv,greal_K_WMZ_E_Nord,thermal_energy,4513933,0,22.96,0.0,45.42,29.720803,16.562766,0.0,32.74,37.1601,41.11,44.1544,0,2022-12-19 17:28:02+02:00,2026-05-27 10:03:18+03:00,1254.65,5420085,0.1672,ok,20.0,~20s,True,moderate_gap
greal_K_WMZ_E_Server.csv,greal_K_WMZ_E_Server,thermal_energy,4513927,0,0.0,0.0,0.008,0.005258,0.001805,0.003,0.004,0.005,0.0079,0.008,0,2022-12-19 17:51:13+02:00,2026-05-27 10:03:18+03:00,1254.63,5420016,0.1672,ok,20.0,~20s,True,moderate_gap
greal_K_WMZ_E_Sued.csv,greal_K_WMZ_E_Sued,thermal_energy,4513933,0,0.0,0.0,78.26,68.610038,7.77977,55.86,62.88,70.21,77.6794,78.1,80,2022-12-19 17:28:02+02:00,2026-05-27 10:03:18+03:00,1254.65,5420085,0.1672,ok,20.0,~20s,True,moderate_gap
greal_K_WMZ_E_WP.csv,greal_K_WMZ_E_WP,thermal_energy,4513933,0,0.0,0.0,207.35,179.565939,22.246903,144.21,162.4,184.18,205.9094,206.98,92,2022-12-19 17:28:02+02:00,2026-05-27 10:03:18+03:00,1254.65,5420085,0.1672,ok,20.0,~20s,True,moderate_gap
greal_K_WMZ_P_Altbau.csv,greal_K_WMZ_P_Altbau,thermal_power,4513931,0,85.76,0.0,54.0,1.915497,6.370935,0.0,0.0,0.0,0.0,19.2475,0,2022-12-19 17:28:02+02:00,2026-05-27 10:03:18+03:00,1254.65,5420085,0.1672,ok,20.0,~20s,True,moderate_gap
greal_K_WMZ_P_Bespr.csv,greal_K_WMZ_P_Bespr,thermal_power,4513925,0,92.19,0.0,12.0,0.078184,0.268822,0.0,0.0,0.0,0.0,1.0,352704,2022-12-19 17:51:13+02:00,2026-05-27 10:03:18+03:00,1254.63,5420016,0.1672,ok,20.0,~20s,True,moderate_gap
greal_K_WMZ_P_GF.csv,greal_K_WMZ_P_GF,thermal_power,4513925,0,99.0,0.0,7.0,0.010079,0.100558,0.0,0.0,0.0,0.0,0.0,45281,2022-12-19 17:51:13+02:00,2026-05-27 10:03:18+03:00,1254.63,5420016,0.1672,ok,20.0,~20s,True,moderate_gap
greal_K_WMZ_P_Halle.csv,greal_K_WMZ_P_Halle,thermal_power,4513931,0,79.49,0.0,4.74,0.064953,0.189826,0.0,0.0,0.0,0.0,0.4841,143776,2022-12-19 17:28:02+02:00,2026-05-27 10:03:18+03:00,1254.65,5420085,0.1672,ok,20.0,~20s,True,moderate_gap
greal_K_WMZ_P_Nord.csv,greal_K_WMZ_P_Nord,thermal_power,4513931,0,74.33,0.0,18.38,0.443961,1.087468,0.0,0.0,0.0,0.0457,3.1759,145587,2022-12-19 17:28:02+02:00,2026-05-27 10:03:18+03:00,1254.65,5420085,0.1672,ok,20.0,~20s,True,moderate_gap
greal_K_WMZ_P_Server.csv,greal_K_WMZ_P_Server,thermal_power,4513925,0,100.0,0.0,1.0,2.1e-05,0.004539,0.0,0.0,0.0,0.0,0.0,93,2022-12-19 17:51:13+02:00,2026-05-27 10:03:18+03:00,1254.63,5420016,0.1672,ok,20.0,~20s,True,moderate_gap
greal_K_WMZ_P_Sued.csv,greal_K_WMZ_P_Sued,thermal_power,4513931,0,73.96,0.0,29.06,0.764686,1.807124,0.0,0.0,0.0,0.0569,5.2696,128462,2022-12-19 17:28:02+02:00,2026-05-27 10:03:18+03:00,1254.65,5420085,0.1672,ok,20.0,~20s,True,moderate_gap
greal_K_WMZ_P_WP.csv,greal_K_WMZ_P_WP,thermal_power,4511072,0,93.7,0.0,67.0,2.101879,9.138502,0.0,0.0,0.0,0.0,16.5679,172926,2022-12-19 17:28:02+02:00,2026-05-27 10:03:18+03:00,1254.65,5420085,0.1677,ok,20.0,~20s,True,moderate_gap
greal_K_WMZ_TR_Altbau.csv,greal_K_WMZ_TR_Altbau,heating_return_temp,4923069,0,0.0,0.0,51.0,25.039035,4.835708,15.9489,22.4192,24.773,27.2358,34.3227,11830,2022-12-19 17:28:02+02:00,2026-05-27 10:03:18+03:00,1254.65,5420085,0.0917,ok,20.0,~20s,True,moderate_gap
greal_K_WMZ_TR_Bespr.csv,greal_K_WMZ_TR_Bespr,heating_return_temp,4923048,0,0.0,0.0,40.8,20.992895,3.422884,12.4506,20.2377,21.382,22.0551,27.601,0,2022-12-19 17:51:13+02:00,2026-05-27 10:03:18+03:00,1254.63,5420016,0.0917,ok,20.0,~20s,True,moderate_gap
greal_K_WMZ_TR_GF.csv,greal_K_WMZ_TR_GF,heating_return_temp,4922927,0,0.0,0.0,43.0,20.895295,3.830102,12.0003,19.6225,21.5141,23.5049,25.7912,0,2022-12-19 17:51:13+02:00,2026-05-27 10:03:18+03:00,1254.63,5420016,0.0917,ok,20.0,~20s,True,moderate_gap
greal_K_WMZ_TR_Halle.csv,greal_K_WMZ_TR_Halle,heating_return_temp,4923027,0,22.81,0.0,34.7,17.55028,10.351056,0.0,13.0943,22.3923,24.7328,29.2762,0,2022-12-19 17:28:02+02:00,2026-05-27 10:03:18+03:00,1254.65,5420085,0.0917,ok,20.0,~20s,True,moderate_gap
greal_K_WMZ_TR_Nord.csv,greal_K_WMZ_TR_Nord,heating_return_temp,4923134,0,21.59,0.0,60.5,20.269613,12.190883,0.0,15.5589,23.052,29.3798,36.4863,4,2022-12-19 17:28:02+02:00,2026-05-27 10:03:18+03:00,1254.65,5420085,0.0917,ok,20.0,~20s,True,moderate_gap
greal_K_WMZ_TR_Server.csv,greal_K_WMZ_TR_Server,heating_return_temp,4923202,0,0.0,0.0,37.5,20.800635,3.687924,12.1863,19.6145,21.7048,23.4035,24.9272,0,2022-12-19 17:51:13+02:00,2026-05-27 10:03:18+03:00,1254.63,5420016,0.0917,ok,20.0,~20s,True,moderate_gap
greal_K_WMZ_TR_Sued.csv,greal_K_WMZ_TR_Sued,heating_return_temp,4923138,0,0.0,0.0,64.2,26.808452,6.733012,16.2066,22.6138,25.689,32.2255,37.9032,6257,2022-12-19 17:28:02+02:00,2026-05-27 10:03:18+03:00,1254.65,5420085,0.0917,ok,20.0,~20s,True,moderate_gap
greal_K_WMZ_TV_Altbau.csv,greal_K_WMZ_TV_Altbau,heating_supply_temp,4923039,0,0.0,0.0,51.0,25.038986,4.83535,15.9885,22.4134,24.7717,27.257,34.3029,11808,2022-12-19 17:28:02+02:00,2026-05-27 10:03:18+03:00,1254.65,5420085,0.0917,ok,20.0,~20s,True,moderate_gap
greal_K_WMZ_TV_Bespr.csv,greal_K_WMZ_TV_Bespr,heating_supply_temp,4922996,0,0.0,0.0,40.8,20.993149,3.422958,12.4536,20.2378,21.3807,22.0485,27.5899,5877,2022-12-19 17:51:13+02:00,2026-05-27 10:03:18+03:00,1254.63,5420016,0.0917,ok,20.0,~20s,True,moderate_gap
greal_K_WMZ_TV_GF.csv,greal_K_WMZ_TV_GF,heating_supply_temp,4923018,0,0.0,0.0,43.0,20.895328,3.829998,11.9995,19.6389,21.5143,23.5134,25.7855,0,2022-12-19 17:51:13+02:00,2026-05-27 10:03:18+03:00,1254.63,5420016,0.0917,ok,20.0,~20s,True,moderate_gap
greal_K_WMZ_TV_Halle.csv,greal_K_WMZ_TV_Halle,heating_supply_temp,4923130,0,22.8,0.0,34.7,17.550941,10.350767,0.0,13.136,22.3833,24.7348,29.2703,0,2022-12-19 17:28:02+02:00,2026-05-27 10:03:18+03:00,1254.65,5420085,0.0917,ok,20.0,~20s,True,moderate_gap
greal_K_WMZ_TV_Nord.csv,greal_K_WMZ_TV_Nord,heating_supply_temp,4923005,0,21.58,0.0,60.5,20.271165,12.19033,0.0,15.5875,23.0539,29.3317,36.4851,4,2022-12-19 17:28:02+02:00,2026-05-27 10:03:18+03:00,1254.65,5420085,0.0917,ok,20.0,~20s,True,moderate_gap
greal_K_WMZ_TV_Server.csv,greal_K_WMZ_TV_Server,heating_supply_temp,4923008,0,0.0,0.0,37.5,20.800766,3.687849,12.187,19.6189,21.7123,23.4119,24.9142,0,2022-12-19 17:51:13+02:00,2026-05-27 10:03:18+03:00,1254.63,5420016,0.0917,ok,20.0,~20s,True,moderate_gap
greal_K_WMZ_TV_Sued.csv,greal_K_WMZ_TV_Sued,heating_supply_temp,4922954,0,0.0,0.0,64.2,26.808693,6.733037,16.2026,22.6071,25.6634,32.2195,37.9146,6259,2022-12-19 17:28:02+02:00,2026-05-27 10:03:18+03:00,1254.65,5420085,0.0917,ok,20.0,~20s,True,moderate_gap
greal_LeistungBHKW1.csv,greal_LeistungBHKW1,chp_power,4564770,0,89.29,-69.7625,8610.584,1.085598,12.844825,0.0,0.0,0.0,0.0,9.7851,2614,2022-12-07 16:11:41+02:00,2026-05-27 10:03:18+03:00,1266.7,5472154,0.1658,ok,20.0,~20s,True,moderate_gap
greal_LeistungBHKW2.csv,greal_LeistungBHKW2,chp_power,4564724,0,92.49,-51.2162,2.1998719273758437e+38,1.445786378788188e+32,1.7834078260863536e+35,0.0,0.0,0.0,0.0,2.2344,3,2022-12-07 16:11:41+02:00,2026-05-27 10:03:18+03:00,1266.7,5472154,0.1658,ok,20.0,~20s,True,moderate_gap
greal_LeistungGebaeude.csv,greal_LeistungGebaeude,building_power,5070507,0,11.04,-8.53555038085395e+36,2.116877321398181e+38,4.0063564886534487e+31,9.40855126506566e+34,0.0,3.3199,3.8956,5.6772,14.9951,2,2022-12-20 11:32:54+02:00,2026-05-27 10:03:18+03:00,1253.9,5416831,0.0639,ok,20.0,~20s,True,moderate_gap
greal_LeistungTankStelle1.csv,greal_LeistungTankStelle1,ev_power,4560995,0,31.07,-2.116877321398181e+38,8.53555038085395e+36,-4.453909425511918e+31,9.92015941513246e+34,0.0,0.0,0.009,0.0102,3.3605,2,2022-12-08 10:01:49+02:00,2026-05-27 10:03:18+03:00,1265.96,5468944,0.166,ok,20.0,~20s,True,moderate_gap
greal_LeistungTankStelle2.csv,greal_LeistungTankStelle2,ev_power,4561545,0,71.11,-1.7058584722445272e+34,2.1998719273758437e+38,5.304873843714968e+32,3.416152758453893e+35,0.0,0.0,0.0,0.009,3.6802,11,2022-12-08 10:01:49+02:00,2026-05-27 10:03:18+03:00,1265.96,5468944,0.1659,ok,20.0,~20s,True,moderate_gap
greal_LeistungTankStelle3.csv,greal_LeistungTankStelle3,ev_power,4561545,0,93.74,-1.420270110507077e+31,12.3251,-3.113572507795225e+24,6.649897720806034e+27,0.0,0.0,0.0,0.0,10.2413,1,2022-12-08 10:01:49+02:00,2026-05-27 10:03:18+03:00,1265.96,5468944,0.1659,ok,20.0,~20s,True,moderate_gap
greal_LeistungTankStellen.csv,greal_LeistungTankStellen,unknown,4544006,0,10.82,-2.116877321398181e+38,8.53555038085395e+36,-4.4705615750095255e+31,9.938686718786676e+34,0.0,0.0089,0.0095,0.012,10.8104,2,2022-12-12 13:41:08+02:00,2026-05-27 10:03:18+03:00,1261.81,5451006,0.1664,ok,20.0,~20s,True,moderate_gap
greal_Nachtabsenkung.csv,greal_Nachtabsenkung,night_setback,42,0,11.9,0.0,20.0,16.797619,6.253837,0.0,19.0,19.0,19.0,19.7,0,2022-12-15 16:29:56+02:00,2026-02-10 11:32:12+02:00,1152.79,4980066,0.9986,ok,3240.0,~1hr,False,event_driven
greal_PV_Ges_prog.csv,greal_PV_Ges_prog,pv_forecast,49991,0,45.11,-999.0,62.0383,-33.649147,212.606548,-125.7399,0.0,0.1456,22.3579,47.1337,2299,2022-12-23 10:25:38+02:00,2026-05-27 09:58:04+03:00,1250.94,5404057,0.1674,ok,1800.0,~1hr,False,event_driven
greal_realTempVorlBKT_EG.csv,greal_realTempVorlBKT_EG,zone_supply_temp,1634,0,0.06,0.0,45.8,27.864504,6.061726,21.8,22.3991,25.3822,33.3968,38.1637,1,2022-12-15 16:42:46+02:00,2022-12-21 12:45:02+02:00,5.83,25206,0.0268,ok,300.0,~5min,True,good
greal_RL_TempFBH_OG.csv,greal_RL_TempFBH_OG,zone_return_temp,26116,0,0.01,0.0,29.5,26.184182,1.646808,23.398,24.9798,26.4408,27.4486,28.4769,3,2022-12-15 10:52:10+02:00,2022-12-21 12:48:15+02:00,6.08,26268,0.0057,ok,20.0,~20s,True,good
greal_Soll_T_BKT.csv,greal_Soll_T_BKT,zone_setpoint,1634,0,0.06,0.0,18.0,16.858017,1.075548,16.0,16.0,16.0,18.0,18.0,1,2022-12-15 16:42:46+02:00,2022-12-21 12:45:02+02:00,5.83,25206,0.0268,ok,300.0,~5min,True,good
greal_SollTempAZplus.csv,greal_SollTempAZplus,hvac_setpoint,302317,0,98.3,0.0,2.0,0.02287,0.180195,0.0,0.0,0.0,0.0,0.0,4935,2022-12-14 16:21:00+02:00,2026-05-27 10:03:05+03:00,1259.7,5441886,0.1667,ok,300.0,~5min,True,moderate_gap
greal_Speicher_WW_Prozent.csv,greal_Speicher_WW_Prozent,dhw_level,4535754,0,15.27,0.0,100.0,50.986598,36.492158,0.0,18.652,49.0793,87.4972,100.0,0,2022-12-14 15:40:15+02:00,2026-05-27 10:03:18+03:00,1259.72,5442009,0.1665,ok,20.0,~20s,True,moderate_gap
greal_StellungFortluftKlappe.csv,greal_StellungFortluftKlappe,damper_position,1694,0,0.06,0.0,100.0,74.472669,33.467687,0.1246,41.4022,100.0,100.0,100.0,0,2022-12-15 10:56:50+02:00,2022-12-21 12:45:02+02:00,6.08,26244,0.0326,ok,300.0,~5min,True,good
greal_StellungUmluftKlappe.csv,greal_StellungUmluftKlappe,damper_position,1694,0,0.06,0.0,100.0,26.250577,33.922654,0.042,0.0763,0.1068,60.3528,100.0,0,2022-12-15 10:56:50+02:00,2022-12-21 12:45:02+02:00,6.08,26244,0.0326,ok,300.0,~5min,True,good
greal_T_Server_EG.csv,greal_T_Server_EG,indoor_temp,23556,0,0.02,0.0,28.5,25.03085,1.633102,21.7372,24.1596,25.409,26.01,27.3978,24,2022-12-15 15:37:32+02:00,2026-05-27 10:03:05+03:00,1258.73,5437696,0.8051,ok,900.0,~15min,True,high_gap
greal_VL_TempFBH_OG.csv,greal_VL_TempFBH_OG,zone_supply_temp,26115,0,0.01,0.0,47.8,35.338924,3.072949,29.0497,34.1003,35.8986,37.0,39.0292,730,2022-12-15 10:52:10+02:00,2022-12-21 12:48:15+02:00,6.08,26268,0.0057,ok,20.0,~20s,True,good
greal_VorlaufTempKennlinie.csv,greal_VorlaufTempKennlinie,heating_curve,302313,0,0.0,0.0,39.0,32.74902,4.024662,27.0,28.9957,32.8932,36.165,39.0,7,2022-12-14 16:30:52+02:00,2026-05-27 10:03:05+03:00,1259.69,5441856,0.1667,ok,300.0,~5min,True,moderate_gap
greal_VorlaufTempKennlinie_K.csv,greal_VorlaufTempKennlinie_K,heating_curve,302318,0,0.0,0.0,19.0,18.356347,0.920679,16.0,18.0,19.0,19.0,19.0,5762,2022-12-14 16:21:00+02:00,2026-05-27 10:03:05+03:00,1259.7,5441886,0.1667,ok,300.0,~5min,True,moderate_gap
greal_W_WMZ_E_Altbau.csv,greal_W_WMZ_E_Altbau,thermal_energy,4515093,0,0.02,0.0,189.84,174.641276,11.020722,154.4464,172.2137,178.262,180.021,189.5501,692,2022-12-19 11:18:17+02:00,2026-05-27 10:03:18+03:00,1254.91,5421195,0.1671,ok,20.0,~20s,True,moderate_gap
greal_W_WMZ_E_bhkw1.csv,greal_W_WMZ_E_bhkw1,thermal_energy,4515047,0,10.53,0.0,192.94,129.980155,74.80341,0.0,122.7655,168.9563,179.7971,192.77,0,2022-12-19 11:34:12+02:00,2026-05-27 10:03:18+03:00,1254.9,5421147,0.1671,ok,20.0,~20s,True,moderate_gap
greal_W_WMZ_E_bhkw2.csv,greal_W_WMZ_E_bhkw2,thermal_energy,4515047,0,6.59,0.0,224.58,177.864055,50.839651,0.0,165.1058,183.7769,206.18,220.9396,297700,2022-12-19 11:34:12+02:00,2026-05-27 10:03:18+03:00,1254.9,5421147,0.1671,ok,20.0,~20s,True,moderate_gap
greal_W_WMZ_E_Halle.csv,greal_W_WMZ_E_Halle,thermal_energy,4515093,0,24.21,0.0,4.48,3.147157,1.789467,0.0,3.2203,4.0203,4.31,4.41,0,2022-12-19 11:18:17+02:00,2026-05-27 10:03:18+03:00,1254.91,5421195,0.1671,ok,20.0,~20s,True,moderate_gap
greal_W_WMZ_E_Nord.csv,greal_W_WMZ_E_Nord,thermal_energy,4515093,0,22.95,0.0,121.03,85.740127,47.165098,0.0,99.4347,109.5971,114.1192,120.8659,0,2022-12-19 11:18:17+02:00,2026-05-27 10:03:18+03:00,1254.91,5421195,0.1671,ok,20.0,~20s,True,moderate_gap
greal_W_WMZ_E_Sued.csv,greal_W_WMZ_E_Sued,thermal_energy,4515093,0,0.0,0.0,194.51,161.214692,19.286167,130.5569,149.8274,158.578,175.6273,192.1515,76,2022-12-19 11:18:17+02:00,2026-05-27 10:03:18+03:00,1254.91,5421195,0.1671,ok,20.0,~20s,True,moderate_gap
greal_W_WMZ_E_WP.csv,greal_W_WMZ_E_WP,thermal_energy,4515093,0,6.67,0.0,139.57,0.001737,0.146873,0.0,0.0016,0.0017,0.0018,0.0018,5,2022-12-19 11:18:17+02:00,2026-05-27 10:03:18+03:00,1254.91,5421195,0.1671,ok,20.0,~20s,True,moderate_gap
greal_W_WMZ_P_Altbau.csv,greal_W_WMZ_P_Altbau,thermal_power,4515082,0,91.46,0.0,252.83,1.655319,12.995362,0.0,0.0,0.0,0.0,1.3678,56018,2022-12-19 11:23:24+02:00,2026-05-27 10:03:18+03:00,1254.9,5421179,0.1671,ok,20.0,~20s,True,moderate_gap
greal_W_WMZ_P_bhkw1.csv,greal_W_WMZ_P_bhkw1,thermal_power,4515050,0,77.43,0.0,45.73,1.589657,6.757073,0.0,0.0,0.0,0.0,13.2521,208409,2022-12-19 11:34:12+02:00,2026-05-27 10:03:18+03:00,1254.9,5421147,0.1671,ok,20.0,~20s,True,moderate_gap
greal_W_WMZ_P_bhkw2.csv,greal_W_WMZ_P_bhkw2,thermal_power,4515050,0,88.29,0.0,43612.4062,3.063275,73.650328,0.0,0.0,0.0,0.0,25.2323,3539,2022-12-19 11:34:12+02:00,2026-05-27 10:03:18+03:00,1254.9,5421147,0.1671,ok,20.0,~20s,True,moderate_gap
greal_W_WMZ_P_Halle.csv,greal_W_WMZ_P_Halle,thermal_power,4515082,0,90.82,0.0,3.64,0.06806,0.271728,0.0,0.0,0.0,0.0,0.5876,137121,2022-12-19 11:23:24+02:00,2026-05-27 10:03:18+03:00,1254.9,5421179,0.1671,ok,20.0,~20s,True,moderate_gap
greal_W_WMZ_P_Nord.csv,greal_W_WMZ_P_Nord,thermal_power,4515082,0,67.32,0.0,38.22,0.728327,1.728157,0.0,0.0,0.0,0.3785,4.6306,118274,2022-12-19 11:23:24+02:00,2026-05-27 10:03:18+03:00,1254.9,5421179,0.1671,ok,20.0,~20s,True,moderate_gap
greal_W_WMZ_P_Sued.csv,greal_W_WMZ_P_Sued,thermal_power,4515082,0,33.29,0.0,49.79,2.253171,3.964761,0.0,0.0,0.0484,3.5152,10.7014,78138,2022-12-19 11:23:24+02:00,2026-05-27 10:03:18+03:00,1254.9,5421179,0.1671,ok,20.0,~20s,True,moderate_gap
greal_W_WMZ_P_WP.csv,greal_W_WMZ_P_WP,thermal_power,4515082,0,94.03,0.0,179.3,0.931896,5.50722,0.0,0.0,0.0,0.0,0.2627,0,2022-12-19 11:23:24+02:00,2026-05-27 10:03:18+03:00,1254.9,5421179,0.1671,ok,20.0,~20s,True,moderate_gap
greal_W_WMZ_TR_Altbau.csv,greal_W_WMZ_TR_Altbau,heating_return_temp,4768764,0,0.01,0.0,87.4,39.344825,11.898642,22.6238,29.8205,39.1444,45.142,62.1662,17155,2022-12-19 11:45:07+02:00,2026-05-27 10:03:18+03:00,1254.89,5421114,0.1203,ok,20.0,~20s,True,moderate_gap
greal_W_WMZ_TR_bhkw1.csv,greal_W_WMZ_TR_bhkw1,heating_return_temp,4768550,0,10.19,0.0,1624.192,150.515162,351.081349,0.0,22.3666,25.0442,30.9623,1032.6045,0,2022-12-19 11:45:07+02:00,2026-05-27 10:03:18+03:00,1254.89,5421114,0.1204,ok,20.0,~20s,True,moderate_gap
greal_W_WMZ_TR_bhkw2.csv,greal_W_WMZ_TR_bhkw2,heating_return_temp,4768478,0,6.38,0.0,87.1,26.659367,12.773804,0.0,22.3264,24.7837,27.7792,59.4273,140360,2022-12-19 11:45:07+02:00,2026-05-27 10:03:18+03:00,1254.89,5421114,0.1204,ok,20.0,~20s,True,moderate_gap
greal_W_WMZ_TR_Halle.csv,greal_W_WMZ_TR_Halle,heating_return_temp,4768925,0,23.43,0.0,34.7,17.342731,10.369219,0.0,12.8409,22.2178,24.5544,29.211,0,2022-12-19 11:45:07+02:00,2026-05-27 10:03:18+03:00,1254.89,5421114,0.1203,ok,20.0,~20s,True,moderate_gap
greal_W_WMZ_TR_Nord.csv,greal_W_WMZ_TR_Nord,heating_return_temp,4768888,0,22.21,0.0,60.5,20.426872,12.478134,0.0,15.3734,23.2591,30.1038,36.7939,3,2022-12-19 11:45:07+02:00,2026-05-27 10:03:18+03:00,1254.89,5421114,0.1203,ok,20.0,~20s,True,moderate_gap
greal_W_WMZ_TR_Sued.csv,greal_W_WMZ_TR_Sued,heating_return_temp,4768762,0,0.0,0.0,64.2,27.180522,6.802381,16.2604,22.9021,25.9731,32.8008,38.117,4647,2022-12-19 11:45:07+02:00,2026-05-27 10:03:18+03:00,1254.89,5421114,0.1203,ok,20.0,~20s,True,moderate_gap
greal_W_WMZ_TR_WP.csv,greal_W_WMZ_TR_WP,heating_return_temp,4768601,0,6.45,0.0,70.4,35.658026,14.769867,0.0,24.7686,36.3361,49.2062,54.6061,0,2022-12-19 11:45:07+02:00,2026-05-27 10:03:18+03:00,1254.89,5421114,0.1204,ok,20.0,~20s,True,moderate_gap
greal_W_WMZ_TV_Altbau.csv,greal_W_WMZ_TV_Altbau,heating_supply_temp,4769040,0,0.01,0.0,87.4,39.344881,11.898757,22.6376,29.8625,39.151,45.1577,62.1636,17150,2022-12-19 11:45:07+02:00,2026-05-27 10:03:18+03:00,1254.89,5421114,0.1203,ok,20.0,~20s,True,moderate_gap
greal_W_WMZ_TV_bhkw1.csv,greal_W_WMZ_TV_bhkw1,heating_supply_temp,4769013,0,10.19,0.0,1624.192,150.483716,351.03992,0.0,22.3586,25.0306,30.967,1022.6569,0,2022-12-19 11:45:07+02:00,2026-05-27 10:03:18+03:00,1254.89,5421114,0.1203,ok,20.0,~20s,True,moderate_gap
greal_W_WMZ_TV_bhkw2.csv,greal_W_WMZ_TV_bhkw2,heating_supply_temp,4768928,0,6.38,0.0,87.1,26.659128,12.772557,0.0,22.3193,24.7753,27.7899,59.2694,140317,2022-12-19 11:45:07+02:00,2026-05-27 10:03:18+03:00,1254.89,5421114,0.1203,ok,20.0,~20s,True,moderate_gap
greal_W_WMZ_TV_Halle.csv,greal_W_WMZ_TV_Halle,heating_supply_temp,4769233,0,23.43,0.0,34.7,17.342812,10.369199,0.0,12.9367,22.2063,24.5581,29.2106,0,2022-12-19 11:45:07+02:00,2026-05-27 10:03:18+03:00,1254.89,5421114,0.1203,ok,20.0,~20s,True,moderate_gap
greal_W_WMZ_TV_Nord.csv,greal_W_WMZ_TV_Nord,heating_supply_temp,4769356,0,22.21,0.0,60.5,20.426343,12.477615,0.0,15.385,23.2521,30.1058,36.7867,3,2022-12-19 11:45:07+02:00,2026-05-27 10:03:18+03:00,1254.89,5421114,0.1202,ok,20.0,~20s,True,moderate_gap
greal_W_WMZ_TV_Sued.csv,greal_W_WMZ_TV_Sued,heating_supply_temp,4769140,0,0.0,0.0,64.2,27.180034,6.802652,16.2894,22.9081,25.965,32.812,38.1273,0,2022-12-19 11:45:07+02:00,2026-05-27 10:03:18+03:00,1254.89,5421114,0.1203,ok,20.0,~20s,True,moderate_gap
greal_W_WMZ_TV_WP.csv,greal_W_WMZ_TV_WP,heating_supply_temp,4769105,0,6.45,0.0,70.4,35.658711,14.769461,0.0,24.74,36.3269,49.1981,54.6172,0,2022-12-19 11:45:07+02:00,2026-05-27 10:03:18+03:00,1254.89,5421114,0.1203,ok,20.0,~20s,True,moderate_gap
greal_WMZ_Hz_Erz_BHKW.csv,greal_WMZ_Hz_Erz_BHKW,thermal_energy,4537543,0,70.5,0.0,43612.4062,4.747603,78.641196,0.0,0.0,0.0,0.05,31.0055,3311,2022-12-13 13:16:39+02:00,2026-05-27 10:03:18+03:00,1260.82,5446759,0.1669,ok,20.0,~20s,True,moderate_gap
greal_WMZ_Hz_Erz_ges.csv,greal_WMZ_Hz_Erz_ges,thermal_energy,4537544,0,65.65,0.0,43612.4062,5.683064,78.782573,0.0,0.0,0.0,0.0557,34.9934,3284,2022-12-13 13:16:39+02:00,2026-05-27 10:03:18+03:00,1260.82,5446759,0.1669,ok,20.0,~20s,True,moderate_gap
greal_WMZ_Hz_Erz_WP.csv,greal_WMZ_Hz_Erz_WP,thermal_energy,4537539,0,94.0,0.0,179.3,0.93551,5.513481,0.0,0.0,0.0,0.0,0.2937,100039,2022-12-13 13:16:39+02:00,2026-05-27 10:03:18+03:00,1260.82,5446759,0.1669,ok,20.0,~20s,True,moderate_gap
greal_WMZ_Kalt.csv,greal_WMZ_Kalt,thermal_energy,4531288,0,83.21,0.0,58.0,1.997894,6.510166,0.0,0.0,0.0,0.0,19.878,205652,2022-12-15 16:53:15+02:00,2026-05-27 10:03:18+03:00,1258.67,5437470,0.1667,ok,20.0,~20s,True,moderate_gap
greal_WMZ_Kalt_Erz_WP.csv,greal_WMZ_Kalt_Erz_WP,thermal_energy,4531286,0,93.73,0.0,67.0,2.09256,9.119446,0.0,0.0,0.0,0.0,16.1769,172962,2022-12-15 16:53:15+02:00,2026-05-27 10:03:18+03:00,1258.67,5437470,0.1667,ok,20.0,~20s,True,moderate_gap
greal_WMZ_Warm.csv,greal_WMZ_Warm,thermal_energy,4537538,0,5.47,0.0,83.48,4.455278,5.494595,0.0008,0.0722,2.0822,7.4884,15.4591,70036,2022-12-13 13:16:39+02:00,2026-05-27 10:03:18+03:00,1260.82,5446759,0.1669,ok,20.0,~20s,True,moderate_gap
greal_Wochenendwert.csv,greal_Wochenendwert,hvac_setpoint,40,0,12.5,0.0,19.0,16.625,6.363709,0.0,19.0,19.0,19.0,19.0,0,2022-12-15 16:29:56+02:00,2026-02-10 11:32:12+02:00,1152.79,4980066,0.9989,ok,2700.0,~1hr,False,event_driven
greal_WP1AbtauSek.csv,greal_WP1AbtauSek,hp_defrost,302312,0,0.0,0.0,511.0,510.988168,2.458883,511.0,511.0,511.0,511.0,511.0,7,2022-12-14 16:40:41+02:00,2026-05-27 10:03:05+03:00,1259.68,5441827,0.1667,ok,300.0,~5min,True,moderate_gap
greal_WP2AbtauSek.csv,greal_WP2AbtauSek,hp_defrost,302312,0,6.19,0.0,11535.0,1178.610641,1653.187977,0.0,297.9646,298.0,1628.7148,4867.0,4611,2022-12-14 16:40:41+02:00,2026-05-27 10:03:05+03:00,1259.68,5441827,0.1667,ok,300.0,~5min,True,moderate_gap
greal_WP3AbtauSek.csv,greal_WP3AbtauSek,hp_defrost,302312,0,5.04,0.0,10777.0,2246.794851,2840.21953,13.6919,299.2517,1075.6724,2733.6902,10043.1294,5047,2022-12-14 16:40:41+02:00,2026-05-27 10:03:05+03:00,1259.68,5441827,0.1667,ok,300.0,~5min,True,moderate_gap
grealCluster_1_Ladung.csv,grealCluster_1_Ladung,battery_charge,4568671,0,0.86,0.0,100.0,68.077331,21.458122,34.8793,51.3449,69.3882,85.2496,100.0,39420,2022-12-06 18:04:43+02:00,2026-05-27 10:03:18+03:00,1267.62,5476135,0.7914,ok,5.0,~5s,True,high_gap
grealCluster_1_Spannung.csv,grealCluster_1_Spannung,battery_voltage,4568624,0,0.86,0.0,62.9,52.056832,5.079134,49.1828,52.1752,52.8631,53.195,54.4305,39515,2022-12-06 18:21:15+02:00,2026-05-27 10:03:18+03:00,1267.61,5476086,0.1657,ok,20.0,~20s,True,moderate_gap
grealCluster_2_Ladung.csv,grealCluster_2_Ladung,battery_charge,4568582,0,1.15,0.0,100.0,68.019603,21.779266,34.7391,51.0747,69.5017,85.4782,100.0,52439,2022-12-06 18:21:15+02:00,2026-05-27 10:03:18+03:00,1267.61,5476086,0.1657,ok,20.0,~20s,True,moderate_gap
grealCluster_2_Spannung.csv,grealCluster_2_Spannung,battery_voltage,4568584,0,1.15,0.0,63.3,51.876688,5.788649,49.1995,52.1,52.7999,53.1,54.4472,52736,2022-12-06 18:21:15+02:00,2026-05-27 10:03:18+03:00,1267.61,5476086,0.1657,ok,20.0,~20s,True,moderate_gap
grealCluster_3_Ladung.csv,grealCluster_3_Ladung,battery_charge,4568579,0,0.87,0.0,100.0,67.319167,21.513161,34.0743,50.2226,68.9319,83.4385,100.0,39705,2022-12-06 18:21:15+02:00,2026-05-27 10:03:18+03:00,1267.61,5476086,0.1657,ok,20.0,~20s,True,moderate_gap
grealCluster_3_Spannung.csv,grealCluster_3_Spannung,battery_voltage,4568581,0,0.87,0.0,63.3,52.027124,5.122243,48.9011,52.1998,52.8704,53.177,54.4349,0,2022-12-06 18:21:15+02:00,2026-05-27 10:03:18+03:00,1267.61,5476086,0.1657,ok,20.0,~20s,True,moderate_gap
grealCluster_4_Ladung.csv,grealCluster_4_Ladung,battery_charge,4568580,0,1.05,0.0,100.0,67.476086,21.50179,34.4859,50.9039,69.0619,83.9386,100.0,47949,2022-12-06 18:21:15+02:00,2026-05-27 10:03:18+03:00,1267.61,5476086,0.1657,ok,20.0,~20s,True,moderate_gap
grealCluster_4_Spannung.csv,grealCluster_4_Spannung,battery_voltage,4568580,0,1.01,0.0,5480.0,52.12362,26.68632,49.235,52.1702,52.8131,53.1993,54.4502,107,2022-12-06 18:21:15+02:00,2026-05-27 10:03:18+03:00,1267.61,5476086,0.1657,ok,20.0,~20s,True,moderate_gap
grealIstWaermepumpVorlauf.csv,grealIstWaermepumpVorlauf,hp_supply_temp,302312,0,6.17,0.0,70.3,33.54766,16.534347,0.0,20.9249,35.333,49.2078,54.6152,0,2022-12-14 16:40:41+02:00,2026-05-27 10:03:05+03:00,1259.68,5441827,0.1667,ok,300.0,~5min,True,moderate_gap
grealTempAussenGefiltert.csv,grealTempAussenGefiltert,outdoor_temp,304326,0,0.19,-3276.7,52.3,-21.10556,332.079202,0.0358,6.6375,11.085,18.1127,29.1585,3132,2022-12-07 12:09:55+02:00,2026-05-27 10:03:04+03:00,1266.87,5472879,0.9444,ok,20.0,~20s,True,high_gap
grealThermLeistungWaermeFBH_Nord.csv,grealThermLeistungWaermeFBH_Nord,thermal_power,302070,0,41.87,0.0,27.57,1.174241,1.887,0.0,0.0,0.2039,1.7119,4.9974,5438,2022-12-15 15:27:43+02:00,2026-05-27 10:03:05+03:00,1258.73,5437726,0.1667,ok,300.0,~5min,True,moderate_gap
grealThermLeistungWaermeFBH_Sued.csv,grealThermLeistungWaermeFBH_Sued,thermal_power,302070,0,7.5,0.0,41.87,3.013397,3.948984,0.0,0.0483,1.0298,5.0861,10.7762,0,2022-12-15 15:27:43+02:00,2026-05-27 10:03:05+03:00,1258.73,5437726,0.1667,ok,300.0,~5min,True,moderate_gap
grealThermLeistungWaermeHalle.csv,grealThermLeistungWaermeHalle,thermal_power,302070,0,70.29,0.0,4.14,0.133971,0.32017,0.0,0.0,0.0,0.0621,0.8354,8165,2022-12-15 15:27:43+02:00,2026-05-27 10:03:05+03:00,1258.73,5437726,0.1667,ok,300.0,~5min,True,moderate_gap
green_bat.csv,green_bat,battery_current,6947349,0,0.27,0.0,8.2455,0.967413,0.053784,0.97,0.97,0.97,0.97,0.97,19149,2022-12-22 14:24:22.777000+02:00,2026-05-27 10:03:18.430000+03:00,1251.78,5407676,0.0,ok,64.2,~1min,True,good
green_t1.csv,green_t1,battery_temp,6947334,0,0.27,0.0,4.3672,0.957364,0.050256,0.96,0.96,0.96,0.96,0.96,19080,2022-12-22 15:11:45.544000+02:00,2026-05-27 10:03:18.428000+03:00,1251.74,5407534,0.0,ok,1800.0,~1hr,False,event_driven
green_t2.csv,green_t2,battery_temp,6985842,0,0.82,0.0,9.116,0.952088,0.086856,0.96,0.96,0.96,0.96,0.96,57588,2022-12-22 15:19:55.017000+02:00,2026-05-27 10:03:18.429000+03:00,1251.74,5407510,0.0,ok,1800.0,~1hr,False,event_driven
green_t3.csv,green_t3,battery_temp,6985849,0,0.82,0.0,5.7974,0.942171,0.085978,0.95,0.95,0.95,0.95,0.95,57595,2022-12-22 15:42:33.264000+02:00,2026-05-27 10:03:18.430000+03:00,1251.72,5407442,0.0,ok,1800.0,~1hr,False,event_driven
real_aktGesamtLeistungBHKW.csv,real_aktGesamtLeistungBHKW,chp_power,5092232,0,70.8,-127.4803,2.3180947601431437e+38,1.365665248643313e+32,1.7792527121317928e+35,0.0,0.0,0.0,0.0527,39.4284,3,2022-12-15 10:31:23+02:00,2026-05-27 10:03:18+03:00,1258.94,5438615,0.0637,ok,20.0,~20s,True,moderate_gap
real_aktVerbrauchGasBhkwImp.csv,real_aktVerbrauchGasBhkwImp,chp_gas,1690373,0,93.32,-386912038.1667,386912038.1667,229.348073,1378426.73153,0.0,0.0,0.0,0.0,1.1343,40,2022-12-19 17:08:18+02:00,2026-05-27 10:03:18+03:00,1254.66,5420144,0.0,ok,300.0,~5min,True,good
real_aktVerbrauchGasBhkwImp1.csv,real_aktVerbrauchGasBhkwImp1,chp_gas,1692044,0,99.77,-6532512840.0,6532512840.0,54.0469,7115492.985596,0.0,0.0,0.0,0.0,0.0,41,2022-12-12 17:46:47+02:00,2026-05-27 10:03:18+03:00,1261.64,5450269,0.6895,ok,20.0,~20s,True,high_gap
real_aktVerbrauchGasBhkwImp2.csv,real_aktVerbrauchGasBhkwImp2,chp_gas,1692046,0,93.44,-11732216988.0,11732217060.0,175.379192,12790962.811425,0.0,0.0,0.0,0.0,1.1136,42,2022-12-12 17:46:47+02:00,2026-05-27 10:03:18+03:00,1261.64,5450269,0.6895,ok,20.0,~20s,True,high_gap
real_aktVerlustLeistungBHKW.csv,real_aktVerlustLeistungBHKW,chp_loss,5093284,0,70.79,-6.5015,1.1822283276730046e+37,6.963454193834499e+30,9.073251662859124e+33,0.0,0.0,0.0,0.0027,2.0132,3,2022-12-14 12:05:03+02:00,2026-05-27 10:03:18+03:00,1259.87,5442654,0.0642,ok,20.0,~20s,True,moderate_gap
real_aktVerlustLeistungBHKW1.csv,real_aktVerlustLeistungBHKW1,chp_loss,4514777,0,74.2,-3.7491,462.7395,0.143934,0.852813,0.0,0.0,0.0,0.0022,1.2134,96632,2022-12-19 13:05:10+02:00,2026-05-27 10:03:18+03:00,1254.83,5420874,0.1671,ok,20.0,~20s,True,moderate_gap
real_aktVerlustLeistungBHKW2.csv,real_aktVerlustLeistungBHKW2,chp_loss,4514777,0,85.12,-2.7524,1.1822283276730046e+37,7.855725726916332e+30,9.637041752855164e+33,0.0,0.0,0.0,0.0,1.4572,3,2022-12-19 13:05:10+02:00,2026-05-27 10:03:18+03:00,1254.83,5420874,0.1671,ok,20.0,~20s,True,moderate_gap
real_BatterieAbgabeLeistung.csv,real_BatterieAbgabeLeistung,battery_power,4544532,0,42.14,-2.79,45.12,2.720059,3.407226,0.0,0.0,3.0825,4.1797,8.0053,0,2022-12-12 13:41:08+02:00,2026-05-27 10:03:18+03:00,1261.81,5451006,0.1663,ok,20.0,~20s,True,moderate_gap
real_BatterieLadeLeistung.csv,real_BatterieLadeLeistung,battery_power,5104337,0,63.24,-15.05,81.09,3.005643,6.753224,0.0,0.0,0.0,1.7487,16.9226,0,2022-12-12 13:41:08+02:00,2026-05-27 10:03:18+03:00,1261.81,5451006,0.0636,ok,20.0,~20s,True,moderate_gap
real_BatterieLeistung.csv,real_BatterieLeistung,battery_power,4564722,0,0.85,-81.09,45.12,-0.65979,8.930368,-18.1748,-3.5851,3.0795,4.1782,8.0136,102441,2022-12-07 16:11:41+02:00,2026-05-27 10:03:18+03:00,1266.7,5472154,0.1658,ok,20.0,~20s,True,moderate_gap
real_BatterieVerlustEnergie.csv,real_BatterieVerlustEnergie,battery_energy,38830,0,0.0,1.7619,2428.0434,189.640743,349.670617,21.3225,34.9465,60.5722,211.4199,569.7926,1112,2022-12-20 17:26:15+02:00,2023-01-01 01:59:47+02:00,11.36,49060,0.2088,ok,20.0,~20s,True,high_gap
real_BatterieVerlustLeistung.csv,real_BatterieVerlustLeistung,battery_power,4500571,0,0.0,0.0076,21304.4692,185.469019,461.242081,0.1472,25.9891,41.4471,92.6684,909.0422,113377,2022-12-13 17:32:37+02:00,2026-05-27 10:03:18+03:00,1260.65,5445992,0.1736,ok,20.0,~20s,True,moderate_gap
real_E_Verlustbhkw1.csv,real_E_Verlustbhkw1,chp_loss,4500987,0,8.68,0.0,1493.7497,225.238738,302.639763,0.0,15.7035,119.7373,298.0346,914.2275,156185,2022-12-22 17:34:30+02:00,2026-05-27 10:03:18+03:00,1251.64,5407106,0.1676,ok,20.0,~20s,True,moderate_gap
real_E_Verlustbhkw2.csv,real_E_Verlustbhkw2,chp_loss,4500987,0,9.11,0.0,1.970807461906668e+35,1.999659448679032e+34,5.950694852661488e+34,0.0,24.2167,169.7375,446.8613,1.970807461906668e+35,0,2022-12-22 17:34:30+02:00,2026-05-27 10:03:18+03:00,1251.64,5407106,0.1676,ok,20.0,~20s,True,moderate_gap
real_E_VerlustEnFa.csv,real_E_VerlustEnFa,system_loss,5379118,0,11.07,0.0,1077.1787,256.651767,293.530916,0.0,33.5718,134.7428,382.1135,956.2725,0,2022-12-22 17:32:32+02:00,2026-05-27 10:03:18+03:00,1251.65,5407112,0.0052,ok,20.0,~20s,True,good
real_P_BHKW.csv,real_P_BHKW,chp_power,4564722,0,84.9,-120.9788,2.1998719273758437e+38,1.4457870122490556e+32,1.783408216779764e+35,0.0,0.0,0.0,0.0,17.6648,3,2022-12-07 16:11:41+02:00,2026-05-27 10:03:18+03:00,1266.7,5472154,0.1658,ok,20.0,~20s,True,moderate_gap
real_PV_Gesamt.csv,real_PV_Gesamt,pv_generation,4564722,0,50.62,-2293.7599,73.34,6.059335,15.603744,0.0,0.0,0.0149,7.2955,32.2723,6576,2022-12-07 16:11:41+02:00,2026-05-27 10:03:18+03:00,1266.7,5472154,0.1658,ok,20.0,~20s,True,moderate_gap
real_VerlustleistungEnFa.csv,real_VerlustleistungEnFa,system_loss,5424111,0,48.7,0.0,67.972,0.138952,0.591993,0.0,0.0,0.0203,0.0927,0.5984,38174,2022-12-12 16:30:40+02:00,2026-05-27 10:03:18+03:00,1261.69,5450497,0.0048,ok,20.0,~20s,True,good
real_WirkleistungEnFa.csv,real_WirkleistungEnFa,building_power,4564723,0,0.0,0.0,57.4672,7.459868,6.527214,3.131,3.6317,4.1617,8.6288,22.482,83698,2022-12-07 16:11:41+02:00,2026-05-27 10:03:18+03:00,1266.7,5472154,0.1658,ok,20.0,~20s,True,moderate_gap
real_WirkleistungErzeugungEnFa.csv,real_WirkleistungErzeugungEnFa,pv_generation,4564724,0,42.35,0.0,97.4573,8.120928,11.161226,0.0,0.0,3.3627,12.8371,33.4886,94369,2022-12-07 16:11:41+02:00,2026-05-27 10:03:18+03:00,1266.7,5472154,0.1658,ok,20.0,~20s,True,moderate_gap
realIPhARmsST24.csv,realIPhARmsST24,current_rms,4564727,0,0.0,0.0,92.43,14.470074,9.329165,7.6896,8.7284,10.5549,15.6549,35.222,97210,2022-12-07 16:19:19+02:00,2026-05-27 10:03:18+03:00,1266.7,5472131,0.1658,ok,20.0,~20s,True,moderate_gap
realIPhARmsST25.csv,realIPhARmsST25,current_rms,4564726,0,0.77,0.0,130.08,11.580889,15.555556,0.59,0.68,4.1547,17.9687,47.1667,108070,2022-12-07 16:19:19+02:00,2026-05-27 10:03:18+03:00,1266.7,5472131,0.1658,ok,20.0,~20s,True,moderate_gap
realIPhBRmsST24.csv,realIPhBRmsST24,current_rms,4564727,0,0.0,0.0,87.36,10.17475,9.833409,3.7582,4.383,5.638,10.6966,33.4689,90145,2022-12-07 16:19:19+02:00,2026-05-27 10:03:18+03:00,1266.7,5472131,0.1658,ok,20.0,~20s,True,moderate_gap
realIPhBRmsST25.csv,realIPhBRmsST25,current_rms,4564731,0,0.77,0.0,137.06,12.403114,16.193918,0.4833,0.5593,5.1276,19.2508,48.8849,88447,2022-12-07 16:19:19+02:00,2026-05-27 10:03:18+03:00,1266.7,5472131,0.1658,ok,20.0,~20s,True,moderate_gap
realIPhCRmsST24.csv,realIPhCRmsST24,current_rms,4564726,0,0.0,0.0,86.26,11.491711,9.939412,5.34,5.9444,6.7521,11.0795,35.115,90975,2022-12-07 16:19:19+02:00,2026-05-27 10:03:18+03:00,1266.7,5472131,0.1658,ok,20.0,~20s,True,moderate_gap
realIPhCRmsST25.csv,realIPhCRmsST25,current_rms,4564734,0,0.77,0.0,134.44,12.314125,16.014852,0.5686,0.6466,5.0809,19.0682,48.5087,89254,2022-12-07 16:19:19+02:00,2026-05-27 10:03:18+03:00,1266.7,5472131,0.1658,ok,20.0,~20s,True,moderate_gap
realIstTempKaltWasOben.csv,realIstTempKaltWasOben,dhw_temp,4531288,0,0.0,0.0,31.1,22.015655,4.153696,13.1309,20.6852,22.795,24.5111,28.1398,0,2022-12-15 16:53:15+02:00,2026-05-27 10:03:18+03:00,1258.67,5437470,0.1667,ok,20.0,~20s,True,moderate_gap
realIstTempKaltWasObenMitte.csv,realIstTempKaltWasObenMitte,dhw_temp,4531286,0,0.0,0.0,30.4,20.18405,3.972827,12.323,18.3815,20.6355,22.9017,26.3253,0,2022-12-15 16:53:15+02:00,2026-05-27 10:03:18+03:00,1258.67,5437470,0.1667,ok,20.0,~20s,True,moderate_gap
realIstTempKaltWasUnt.csv,realIstTempKaltWasUnt,dhw_temp,4531144,0,0.0,0.0,30.6,19.555798,3.960611,12.2216,17.2685,19.8719,22.3429,25.8926,0,2022-12-15 17:44:55+02:00,2026-05-27 10:03:18+03:00,1258.64,5437315,0.1667,ok,20.0,~20s,True,moderate_gap
realIstTempKaltWasUntMitte.csv,realIstTempKaltWasUntMitte,dhw_temp,4531146,0,0.0,0.0,30.3,20.964089,4.044441,12.6137,19.5533,21.6457,23.5419,27.0862,60,2022-12-15 17:44:55+02:00,2026-05-27 10:03:18+03:00,1258.64,5437315,0.1667,ok,20.0,~20s,True,moderate_gap
realIstTempPuffAltbau.csv,realIstTempPuffAltbau,buffer_temp,302330,0,100.0,0.0,0.0,0.0,0.0,0.0,0.0,0.0,0.0,0.0,0,2022-12-14 15:46:49+02:00,2026-05-27 10:03:04+03:00,1259.72,5441988,0.1667,ok,300.0,~5min,True,moderate_gap
realIstTempRuecklPuffAltbau.csv,realIstTempRuecklPuffAltbau,buffer_temp,302330,0,0.0,0.0,73.0,29.676405,6.296328,22.6275,25.6783,28.1034,31.9544,42.8668,5134,2022-12-14 15:46:49+02:00,2026-05-27 10:03:04+03:00,1259.72,5441988,0.1667,ok,300.0,~5min,True,moderate_gap
realIstTempWarmWasOben.csv,realIstTempWarmWasOben,dhw_temp,4535755,0,0.0,0.0,91.6,47.592673,16.37859,17.2362,35.1131,54.0061,57.8976,69.9146,0,2022-12-14 15:40:15+02:00,2026-05-27 10:03:18+03:00,1259.72,5442009,0.1665,ok,20.0,~20s,True,moderate_gap
realIstTempWarmWasObenMitte.csv,realIstTempWarmWasObenMitte,dhw_temp,4535757,0,0.0,0.0,85.7,40.121624,15.164719,15.9026,27.8761,38.9126,55.2611,60.7868,2,2022-12-14 15:40:15+02:00,2026-05-27 10:03:18+03:00,1259.72,5442009,0.1665,ok,20.0,~20s,True,moderate_gap
realIstTempWarmWasUnt.csv,realIstTempWarmWasUnt,dhw_temp,4535754,0,0.0,0.0,72.0,34.848243,12.150566,16.0216,26.8067,31.7613,44.8964,55.6977,67,2022-12-14 15:40:15+02:00,2026-05-27 10:03:18+03:00,1259.72,5442009,0.1665,ok,20.0,~20s,True,moderate_gap
realIstTempWarmWasUntMitte.csv,realIstTempWarmWasUntMitte,dhw_temp,4535756,0,0.0,0.0,84.3,36.505029,13.363979,15.9624,27.1865,32.8525,49.3515,57.2598,113,2022-12-14 15:40:15+02:00,2026-05-27 10:03:18+03:00,1259.72,5442009,0.1665,ok,20.0,~20s,True,moderate_gap
realLeistungGebNord.csv,realLeistungGebNord,building_power,4062471,0,43.45,0.0,2611.2949,2.238697,45.179749,0.0,0.0,1.27,1.7851,2.4857,0,2023-04-03 14:22:24+03:00,2026-05-27 10:03:18+03:00,1149.82,4967222,0.1821,ok,20.0,~20s,True,moderate_gap
realLeistungGebSued.csv,realLeistungGebSued,building_power,4062912,0,5.17,-1.8143960114223138e+38,3.050578047502286e+38,3.000242790780894e+33,2.2083576288646195e+36,0.0007,1.4479,1.5035,2.0708,5.6951,415,2023-04-03 14:22:24+03:00,2026-05-27 10:03:18+03:00,1149.82,4967222,0.1821,ok,20.0,~20s,True,moderate_gap
realLeistungGebSystem.csv,realLeistungGebSystem,building_power,1926592,0,8.37,-0.8434,34.6302,1.479804,3.396546,0.0,0.2671,0.4178,0.682,8.4271,0,2024-02-27 10:23:08+02:00,2026-05-27 10:03:18+03:00,819.94,3542160,0.4561,ok,20.0,~20s,True,high_gap
realLeistungsfaktorST24.csv,realLeistungsfaktorST24,power_factor,304191,0,0.0,0.0,0.996,0.843653,0.076674,0.7446,0.784,0.8206,0.9143,0.9763,7,2022-12-07 16:16:21+02:00,2026-05-27 10:03:04+03:00,1266.7,5472140,0.1662,ok,300.0,~5min,True,moderate_gap
realLeistungsfaktorST25.csv,realLeistungsfaktorST25,power_factor,304595,0,0.78,-0.999,0.996,-0.434079,0.612817,-0.998,-0.9902,-0.9443,0.2497,0.2954,0,2022-12-07 16:16:21+02:00,2026-05-27 10:03:04+03:00,1266.7,5472140,0.1651,ok,300.0,~5min,True,moderate_gap
realSollwertReglerWP1.csv,realSollwertReglerWP1,hp_setpoint,302312,0,0.0,0.0,7.0,6.457845,1.366494,3.0,7.0,7.0,7.0,7.0,9715,2022-12-14 16:40:41+02:00,2026-05-27 10:03:05+03:00,1259.68,5441827,0.1667,ok,300.0,~5min,True,moderate_gap
realTempRuecklBKT_EG.csv,realTempRuecklBKT_EG,zone_return_temp,1634,0,0.06,0.0,25.0,23.737209,0.980126,22.2825,23.2056,23.9,24.4,24.8,1,2022-12-15 16:42:46+02:00,2022-12-21 12:45:02+02:00,5.83,25206,0.0268,ok,300.0,~5min,True,good
sun_alt.csv,sun_alt,solar,3465481,0,0.0,-64.2058,64.2058,0.893935,31.198021,-50.9727,-22.3788,0.7279,24.4969,52.4886,0,2024-02-27 11:30:09+02:00,2026-05-27 10:03:18+03:00,819.9,3541959,0.0216,ok,20.0,~20s,True,good
sun_azi.csv,sun_azi,solar,3465481,0,0.0,0.0002,360.0,179.981784,102.305295,22.8001,89.293,179.9287,270.7152,337.1089,0,2024-02-27 11:30:09+02:00,2026-05-27 10:03:18+03:00,819.9,3541959,0.0216,ok,20.0,~20s,True,good
TimerRuecklaufAltbau.csv,TimerRuecklaufAltbau,timer_schedule,302330,0,65.21,0.0,300000.0,102545.006913,141777.229047,0.0,0.0,0.0,300000.0,300000.0,0,2022-12-14 15:46:49+02:00,2026-05-27 10:03:04+03:00,1259.72,5441988,0.1667,ok,300.0,~5min,True,moderate_gap
V_real_AbtauTemperaturBetrieb.csv,V_real_AbtauTemperaturBetrieb,hp_defrost,47,0,10.64,0.0,10.0,5.234043,3.642818,0.0,3.0,3.0,10.0,10.0,0,2022-12-15 16:29:56+02:00,2026-02-10 11:32:12+02:00,1152.79,4980066,0.9982,ok,3780.0,~63min,False,event_driven
V_real_maxAT.csv,V_real_maxAT,hvac_setpoint,42,0,11.9,0.0,22.0,19.238095,7.166349,0.0,21.0,22.0,22.0,22.0,0,2022-12-15 12:28:59+02:00,2026-02-10 11:32:12+02:00,1152.96,4980789,0.999,ok,2313.0,~1hr,False,event_driven
V_real_maxAT_K.csv,V_real_maxAT_K,hvac_setpoint,43,0,11.63,0.0,32.0,26.348837,9.865485,0.0,30.0,30.0,30.0,32.0,0,2022-12-15 12:28:59+02:00,2026-02-10 11:32:12+02:00,1152.96,4980789,0.9986,ok,3240.5,~1hr,False,event_driven
V_real_maxATY4.csv,V_real_maxATY4,hvac_setpoint,40,0,12.5,0.0,30.0,26.25,10.047962,0.0,30.0,30.0,30.0,30.0,0,2022-12-15 12:28:59+02:00,2026-02-10 11:32:12+02:00,1152.96,4980789,0.9991,ok,2312.5,~1hr,False,event_driven
V_real_maxVorlaufTemp.csv,V_real_maxVorlaufTemp,heating_curve,42,0,11.9,0.0,39.0,34.309524,12.769033,0.0,39.0,39.0,39.0,39.0,0,2022-12-15 12:28:59+02:00,2026-02-10 11:32:12+02:00,1152.96,4980789,0.9986,ok,3240.5,~1hr,False,event_driven
V_real_maxVorlaufTempK.csv,V_real_maxVorlaufTempK,heating_curve,45,0,11.11,0.0,19.0,16.111111,5.788791,0.0,18.0,18.0,18.0,19.0,0,2022-12-15 12:28:59+02:00,2026-02-10 11:32:12+02:00,1152.96,4980789,0.9985,ok,3240.5,~1hr,False,event_driven
V_real_maxVorlaufTempY4.csv,V_real_maxVorlaufTempY4,heating_curve,40,0,12.5,0.0,38.0,33.25,12.727418,0.0,38.0,38.0,38.0,38.0,0,2022-12-15 12:28:59+02:00,2026-02-10 11:32:12+02:00,1152.96,4980789,0.9991,ok,2313.0,~1hr,False,event_driven
V_real_minAT.csv,V_real_minAT,hvac_setpoint,41,0,12.2,-2.0,2.0,-1.073171,1.555478,-2.0,-2.0,-2.0,0.0,2.0,0,2022-12-15 12:28:59+02:00,2026-02-10 11:32:12+02:00,1152.96,4980789,0.999,ok,2313.0,~1hr,False,event_driven
V_real_minAT_K.csv,V_real_minAT_K,hvac_setpoint,43,0,11.63,0.0,24.0,20.55814,7.601072,0.0,22.0,24.0,24.0,24.0,0,2022-12-15 12:28:59+02:00,2026-02-10 11:32:12+02:00,1152.96,4980789,0.9986,ok,3241.0,~1hr,False,event_driven
V_real_minATY4.csv,V_real_minATY4,hvac_setpoint,40,0,12.5,0.0,3.0,2.625,1.004796,0.0,3.0,3.0,3.0,3.0,0,2022-12-15 12:28:59+02:00,2026-02-10 11:32:12+02:00,1152.96,4980789,0.9991,ok,2312.5,~1hr,False,event_driven
V_real_minVorlaufTemp.csv,V_real_minVorlaufTemp,heating_curve,43,0,11.63,0.0,30.0,23.790698,8.827873,0.0,27.0,27.0,27.0,28.05,0,2022-12-15 12:28:59+02:00,2026-02-10 11:32:12+02:00,1152.96,4980789,0.999,ok,2313.0,~1hr,False,event_driven
V_real_minVorlaufTempK.csv,V_real_minVorlaufTempK,heating_curve,45,0,11.11,0.0,18.0,13.666667,4.926736,0.0,15.0,15.0,16.0,16.25,0,2022-12-15 12:28:59+02:00,2026-02-10 11:32:12+02:00,1152.96,4980789,0.999,ok,2313.0,~1hr,False,event_driven
V_real_minVorlaufTempY4.csv,V_real_minVorlaufTempY4,heating_curve,40,0,12.5,0.0,15.0,13.125,5.023981,0.0,15.0,15.0,15.0,15.0,0,2022-12-15 12:28:59+02:00,2026-02-10 11:32:12+02:00,1152.96,4980789,0.9991,ok,2313.0,~1hr,False,event_driven
V_real_Nachtabsenkung.csv,V_real_Nachtabsenkung,night_setback,40,0,12.5,0.0,2.0,1.75,0.669864,0.0,2.0,2.0,2.0,2.0,0,2022-12-15 13:38:39+02:00,2026-02-10 11:32:12+02:00,1152.91,4980580,0.9991,ok,2312.5,~1hr,False,event_driven
V_real_NachtabsenkungY4.csv,V_real_NachtabsenkungY4,night_setback,39,0,12.82,0.0,2.0,1.74359,0.677377,0.0,2.0,2.0,2.0,2.0,0,2022-12-15 13:38:39+02:00,2025-11-17 20:36:29+02:00,1068.29,4615013,0.999,ok,2312.5,~1hr,False,event_driven
V_realAZmax.csv,V_realAZmax,hp_setpoint,40,0,12.5,0.0,4.0,3.5,1.339728,0.0,4.0,4.0,4.0,4.0,0,2022-12-15 12:28:59+02:00,2026-02-10 11:32:12+02:00,1152.96,4980789,0.9991,ok,2312.5,~1hr,False,event_driven
V_realAZmin.csv,V_realAZmin,hp_setpoint,40,0,12.5,0.0,1.0,0.875,0.334932,0.0,1.0,1.0,1.0,1.0,0,2022-12-15 12:28:59+02:00,2026-02-10 11:32:12+02:00,1152.96,4980789,0.9991,ok,2312.5,~1hr,False,event_driven
V_realHysWP.csv,V_realHysWP,hp_setpoint,40,0,12.5,0.0,5.0,4.375,1.67466,0.0,5.0,5.0,5.0,5.0,0,2022-12-15 16:29:56+02:00,2026-02-10 11:32:12+02:00,1152.79,4980066,0.9989,ok,2700.0,~1hr,False,event_driven
V_realMaxVL_WP.csv,V_realMaxVL_WP,hp_setpoint,40,0,12.5,0.0,51.0,44.625,17.081535,0.0,51.0,51.0,51.0,51.0,0,2022-12-15 14:57:32+02:00,2026-02-10 11:32:12+02:00,1152.86,4980344,0.9991,ok,2312.5,~1hr,False,event_driven
V_realMinVL_WPcool.csv,V_realMinVL_WPcool,hp_setpoint,40,0,12.5,0.0,20.0,17.5,6.698641,0.0,20.0,20.0,20.0,20.0,0,2022-12-15 14:57:32+02:00,2026-02-10 11:32:12+02:00,1152.86,4980344,0.9991,ok,2312.5,~1hr,False,event_driven
V_realSollTempAZmax.csv,V_realSollTempAZmax,hp_setpoint,40,0,12.5,0.0,2.0,1.75,0.669864,0.0,2.0,2.0,2.0,2.0,0,2022-12-15 12:28:59+02:00,2026-02-10 11:32:12+02:00,1152.96,4980789,0.9991,ok,2313.5,~1hr,False,event_driven
val1006.csv,val1006,unknown,3783,0,1.24,-2.0,65503.0,12121.856329,19699.092433,3.1595,20.0735,100.0,20912.4508,56068.0107,0,2022-11-30 12:57:08+02:00,2022-12-05 14:29:48+02:00,5.06,21878,0.9567,ok,5.0,~5s,True,high_gap
val1007.csv,val1007,unknown,2408,0,2.78,-49.0,99.9672,34.698686,46.12196,-40.2385,-2.3694,36.1031,78.5696,95.4554,0,2022-11-30 12:57:08+02:00,2022-12-01 09:51:50+02:00,0.87,3764,0.8398,ok,5.0,~5s,True,high_gap
val1008.csv,val1008,unknown,961,0,0.0,-0.2667,96.5,82.047331,11.167863,68.5,72.1725,82.5,92.1025,96.5,5,2022-11-30 16:40:03+02:00,2022-12-01 09:51:50+02:00,0.72,3095,0.9228,ok,5.0,~5s,True,high_gap
val1009.csv,val1009,unknown,962,0,0.0,15.0,100.0,82.331253,10.587812,66.0,73.2135,82.301,91.3605,98.8667,1,2022-11-30 16:40:03+02:00,2022-12-01 09:51:50+02:00,0.72,3095,0.9227,ok,5.0,~5s,True,high_gap
Vreal_WP_Ein_Batterie.csv,Vreal_WP_Ein_Batterie,battery_setpoint,41,0,12.2,0.0,76.0,62.04878,24.480555,0.0,60.0,76.0,76.0,76.0,0,2022-12-15 14:57:32+02:00,2026-02-10 11:32:12+02:00,1152.86,4980344,0.999,ok,2312.5,~1hr,False,event_driven
Vreal_WP_Ein_BatterieKritsch.csv,Vreal_WP_Ein_BatterieKritsch,battery_setpoint,44,0,11.36,0.0,82.0,68.909091,25.454764,0.0,70.0,81.0,81.5,82.0,0,2022-12-15 14:57:32+02:00,2026-02-10 11:32:12+02:00,1152.86,4980344,0.9988,ok,2700.0,~1hr,False,event_driven
Vreal_WP_Ein_BatterieKritschHys.csv,Vreal_WP_Ein_BatterieKritschHys,battery_setpoint,42,0,11.9,0.0,5.0,3.166667,1.873,0.0,2.0,2.0,5.0,5.0,0,2022-12-15 14:57:32+02:00,2026-02-10 11:32:12+02:00,1152.86,4980344,0.998,ok,4662.0,~78min,False,event_driven
wind_now.csv,wind_now,weather,3465507,0,0.06,0.0,7.7,1.873846,1.239678,0.5,1.0,1.5,2.5999,4.2727,49832,2024-02-27 11:12:41+02:00,2026-05-27 10:03:18+03:00,819.91,3542011,0.0216,ok,20.0,~20s,True,good
wind_tomorrow.csv,wind_tomorrow,weather_forecast,3465504,0,0.01,0.0,11.3,2.844297,1.631709,0.5,1.5137,2.6,3.6012,5.8043,39544,2024-02-27 11:21:18+02:00,2026-05-27 10:03:18+03:00,819.9,3541986,0.0216,ok,20.0,~20s,True,good
greal_K_WMZ_E_bhkw1.csv,greal_K_WMZ_E_bhkw1,,0,0,0.0,0.0,0.0,0.0,0.0,0.0,0.0,0.0,0.0,0.0,0,,,0.0,0,0.0,snapshot_skipped (6 rows),,,False,skipped
greal_K_WMZ_E_bhkw2.csv,greal_K_WMZ_E_bhkw2,,0,0,0.0,0.0,0.0,0.0,0.0,0.0,0.0,0.0,0.0,0.0,0,,,0.0,0,0.0,snapshot_skipped (6 rows),,,False,skipped
greal_K_WMZ_P_bhkw1.csv,greal_K_WMZ_P_bhkw1,,0,0,0.0,0.0,0.0,0.0,0.0,0.0,0.0,0.0,0.0,0.0,0,,,0.0,0,0.0,snapshot_skipped (6 rows),,,False,skipped
greal_K_WMZ_P_bhkw2.csv,greal_K_WMZ_P_bhkw2,,0,0,0.0,0.0,0.0,0.0,0.0,0.0,0.0,0.0,0.0,0.0,0,,,0.0,0,0.0,snapshot_skipped (6 rows),,,False,skipped
greal_K_WMZ_TR_bhkw1.csv,greal_K_WMZ_TR_bhkw1,,0,0,0.0,0.0,0.0,0.0,0.0,0.0,0.0,0.0,0.0,0.0,0,,,0.0,0,0.0,snapshot_skipped (6 rows),,,False,skipped
greal_K_WMZ_TR_bhkw2.csv,greal_K_WMZ_TR_bhkw2,,0,0,0.0,0.0,0.0,0.0,0.0,0.0,0.0,0.0,0.0,0.0,0,,,0.0,0,0.0,snapshot_skipped (6 rows),,,False,skipped
greal_K_WMZ_TR_WP.csv,greal_K_WMZ_TR_WP,,0,0,0.0,0.0,0.0,0.0,0.0,0.0,0.0,0.0,0.0,0.0,0,,,0.0,0,0.0,snapshot_skipped (6 rows),,,False,skipped
greal_K_WMZ_TV_bhkw1.csv,greal_K_WMZ_TV_bhkw1,,0,0,0.0,0.0,0.0,0.0,0.0,0.0,0.0,0.0,0.0,0.0,0,,,0.0,0,0.0,snapshot_skipped (6 rows),,,False,skipped
greal_K_WMZ_TV_bhkw2.csv,greal_K_WMZ_TV_bhkw2,,0,0,0.0,0.0,0.0,0.0,0.0,0.0,0.0,0.0,0.0,0.0,0,,,0.0,0,0.0,snapshot_skipped (6 rows),,,False,skipped
greal_K_WMZ_TV_WP.csv,greal_K_WMZ_TV_WP,,0,0,0.0,0.0,0.0,0.0,0.0,0.0,0.0,0.0,0.0,0.0,0,,,0.0,0,0.0,snapshot_skipped (6 rows),,,False,skipped
Vreal_maxSpeicher.csv,Vreal_maxSpeicher,,0,0,0.0,0.0,0.0,0.0,0.0,0.0,0.0,0.0,0.0,0.0,0,,,0.0,0,0.0,snapshot_skipped (7 rows),,,False,skipped
Vreal_maxTempSpeicherUnten.csv,Vreal_maxTempSpeicherUnten,,0,0,0.0,0.0,0.0,0.0,0.0,0.0,0.0,0.0,0.0,0.0,0,,,0.0,0,0.0,snapshot_skipped (7 rows),,,False,skipped
Vreal_minSpeicher.csv,Vreal_minSpeicher,,0,0,0.0,0.0,0.0,0.0,0.0,0.0,0.0,0.0,0.0,0.0,0,,,0.0,0,0.0,snapshot_skipped (7 rows),,,False,skipped
VrealSpeicherWW_BHKW_Aus.csv,VrealSpeicherWW_BHKW_Aus,,0,0,0.0,0.0,0.0,0.0,0.0,0.0,0.0,0.0,0.0,0.0,0,,,0.0,0,0.0,snapshot_skipped (7 rows),,,False,skipped
VrealSpeicherWW_BHKW_Ein.csv,VrealSpeicherWW_BHKW_Ein,,0,0,0.0,0.0,0.0,0.0,0.0,0.0,0.0,0.0,0.0,0.0,0,,,0.0,0,0.0,snapshot_skipped (7 rows),,,False,skipped
